group_id,n,pos,neg,pos_rate,dataset
1,481,11,470,0.02286902286902287,ref
2,463,11,452,0.023758099352051837,ref
3,478,12,466,0.02510460251046025,ref
4,450,10,440,0.022222222222222223,ref
5,562,14,548,0.02491103202846975,ref
6,680,10,670,0.014705882352941176,ref
7,601,10,591,0.016638935108153077,ref
8,600,10,590,0.016666666666666666,ref
9,436,9,427,0.020642201834862386,ref
10,571,16,555,0.028021015761821366,ref
12,361,13,348,0.036011080332409975,ref
13,450,10,440,0.022222222222222223,ref
14,505,14,491,0.027722772277227723,ref
16,450,9,441,0.02,ref
17,471,10,461,0.021231422505307854,ref
18,591,10,581,0.01692047377326565,ref
19,461,11,450,0.02386117136659436,ref
20,498,10,488,0.020080321285140562,ref
21,467,14,453,0.029978586723768737,ref
22,470,10,460,0.02127659574468085,ref
23,480,11,469,0.022916666666666665,ref
24,562,14,548,0.02491103202846975,ref
25,690,18,672,0.02608695652173913,ref
26,609,11,598,0.0180623973727422,ref
27,610,10,600,0.01639344262295082,ref
29,602,17,585,0.02823920265780731,ref
30,353,15,338,0.042492917847025496,ref
31,450,10,440,0.022222222222222223,ref
32,521,12,509,0.023032629558541268,ref
33,441,11,430,0.024943310657596373,ref
34,450,10,440,0.022222222222222223,ref
36,605,14,591,0.023140495867768594,ref
37,600,15,585,0.025,ref
38,460,10,450,0.021739130434782608,ref
39,474,11,463,0.023206751054852322,ref
40,482,21,461,0.043568464730290454,ref
41,471,19,452,0.040339702760084924,ref
42,449,10,439,0.022271714922048998,ref
43,563,17,546,0.03019538188277087,ref
45,607,15,592,0.02471169686985173,ref
46,429,12,417,0.027972027972027972,ref
47,606,13,593,0.02145214521452145,ref
49,600,10,590,0.016666666666666666,ref
50,574,23,551,0.04006968641114982,ref
51,347,12,335,0.0345821325648415,ref
52,443,11,432,0.024830699774266364,ref
53,511,14,497,0.0273972602739726,ref
54,476,19,457,0.03991596638655462,ref
55,445,13,432,0.029213483146067417,ref
56,474,14,460,0.029535864978902954,ref
57,609,10,599,0.016420361247947456,ref
59,463,12,451,0.02591792656587473,ref
60,490,11,479,0.022448979591836733,ref
62,482,12,470,0.024896265560165973,ref
63,440,11,429,0.025,ref
64,563,11,552,0.019538188277087035,ref
65,680,13,667,0.01911764705882353,ref
66,610,11,599,0.018032786885245903,ref
67,410,13,397,0.03170731707317073,ref
68,610,10,600,0.01639344262295082,ref
69,430,10,420,0.023255813953488372,ref
70,610,10,600,0.01639344262295082,ref
71,364,18,346,0.04945054945054945,ref
72,449,10,439,0.022271714922048998,ref
74,480,9,471,0.01875,ref
75,450,10,440,0.022222222222222223,ref
76,480,12,468,0.025,ref
77,610,11,599,0.018032786885245903,ref
78,610,11,599,0.018032786885245903,ref
79,470,10,460,0.02127659574468085,ref
80,510,10,500,0.0196078431372549,ref
81,489,15,474,0.03067484662576687,ref
82,480,14,466,0.029166666666666667,ref
83,429,17,412,0.039627039627039624,ref
84,569,11,558,0.019332161687170474,ref
85,680,10,670,0.014705882352941176,ref
86,590,10,580,0.01694915254237288,ref
87,450,10,440,0.022222222222222223,ref
88,610,10,600,0.01639344262295082,ref
89,440,15,425,0.03409090909090909,ref
91,609,10,599,0.016420361247947456,ref
92,370,10,360,0.02702702702702703,ref
93,450,10,440,0.022222222222222223,ref
94,520,10,510,0.019230769230769232,ref
95,450,10,440,0.022222222222222223,ref
96,450,10,440,0.022222222222222223,ref
97,479,10,469,0.020876826722338204,ref
98,608,14,594,0.023026315789473683,ref
99,610,12,598,0.019672131147540985,ref
100,470,11,459,0.023404255319148935,ref
101,500,10,490,0.02,ref
102,483,14,469,0.028985507246376812,ref
103,480,16,464,0.03333333333333333,ref
104,430,11,419,0.02558139534883721,ref
105,567,17,550,0.029982363315696647,ref
106,680,12,668,0.01764705882352941,ref
107,610,10,600,0.01639344262295082,ref
108,450,10,440,0.022222222222222223,ref
109,610,11,599,0.018032786885245903,ref
110,438,13,425,0.02968036529680365,ref
112,610,12,598,0.019672131147540985,ref
113,370,13,357,0.03513513513513514,ref
114,450,10,440,0.022222222222222223,ref
115,520,11,509,0.021153846153846155,ref
116,460,14,446,0.030434782608695653,ref
117,438,15,423,0.03424657534246575,ref
118,608,11,597,0.018092105263157895,ref
119,479,15,464,0.031315240083507306,ref
120,606,16,590,0.026402640264026403,ref
121,470,13,457,0.027659574468085105,ref
2018_Austin,732,17,715,0.023224043715846996,my
2018_Baku,532,23,509,0.043233082706766915,my
2018_Barcelona,780,15,765,0.019230769230769232,my
2018_Budapest,991,17,974,0.017154389505549948,my
2018_Hockenheim,1019,36,983,0.03532875368007851,my
2018_LeCastellet,719,13,706,0.01808066759388039,my
2018_Melbourne,730,16,714,0.021917808219178082,my
2018_MexicoCity,1000,21,979,0.021,my
2018_MonteCarlo,1248,22,1226,0.017628205128205128,my
2018_Montréal,979,16,963,0.01634320735444331,my
2018_Monza,743,14,729,0.018842530282637954,my
2018_Sakhir,789,29,760,0.036755386565272496,my
2018_Shanghai,893,27,866,0.030235162374020158,my
2018_Silverstone,705,24,681,0.03404255319148936,my
2018_Singapore,885,18,867,0.020338983050847456,my
2018_Sochi,762,16,746,0.02099737532808399,my
2018_Spa-Francorchamps,489,14,475,0.028629856850715747,my
2018_Spielberg,996,19,977,0.019076305220883535,my
2018_Suzuka,784,20,764,0.025510204081632654,my
2018_SãoPaulo,1121,21,1100,0.01873327386262266,my
2018_YasMarina,696,13,683,0.01867816091954023,my
2019_Austin,836,27,809,0.03229665071770335,my
2019_Baku,762,23,739,0.030183727034120734,my
2019_Barcelona,1043,31,1012,0.029721955896452542,my
2019_Budapest,1118,21,1097,0.018783542039355994,my
2019_Hockenheim,826,64,762,0.0774818401937046,my
2019_LeCastellet,846,20,826,0.02364066193853428,my
2019_Melbourne,834,15,819,0.017985611510791366,my
2019_MexicoCity,1125,26,1099,0.02311111111111111,my
2019_MonteCarlo,1224,21,1203,0.01715686274509804,my
2019_Montréal,1077,16,1061,0.014856081708449397,my
2019_Monza,799,26,773,0.03254067584480601,my
2019_Sakhir,879,36,843,0.040955631399317405,my
2019_Shanghai,847,34,813,0.04014167650531287,my
2019_Silverstone,725,23,702,0.031724137931034485,my
2019_Singapore,830,22,808,0.02650602409638554,my
2019_Sochi,663,17,646,0.02564102564102564,my
2019_Spa-Francorchamps,577,18,559,0.03119584055459272,my
2019_Spielberg,1158,19,1139,0.016407599309153715,my
2019_Suzuka,813,24,789,0.02952029520295203,my
2019_SãoPaulo,1133,38,1095,0.03353927625772286,my
2019_YasIsland,877,25,852,0.028506271379703536,my
2020_Barcelona,1046,31,1015,0.029636711281070746,my
2020_Budapest,1084,35,1049,0.03228782287822878,my
2020_Imola,911,25,886,0.027442371020856202,my
2020_Istanbul,871,32,839,0.03673938002296211,my
2020_Monza,705,17,688,0.024113475177304965,my
2020_Mugello,531,31,500,0.0583804143126177,my
2020_Nürburgring,800,28,772,0.035,my
2020_Portimão,1060,20,1040,0.018867924528301886,my
2020_Sakhir,2026,60,1966,0.029615004935834157,my
2020_Silverstone,1476,53,1423,0.03590785907859079,my
2020_Sochi,699,17,682,0.024320457796852647,my
2020_Spa-Francorchamps,547,8,539,0.014625228519195612,my
2020_Spielberg,1805,51,1754,0.028254847645429362,my
2020_YasIsland,823,19,804,0.023086269744835967,my
2021_Austin,846,34,812,0.04018912529550828,my
2021_Baku,658,25,633,0.037993920972644375,my
2021_Barcelona,1017,33,984,0.032448377581120944,my
2021_Budapest,723,14,709,0.019363762102351315,my
2021_Imola,875,34,841,0.038857142857142854,my
2021_Istanbul,942,17,925,0.018046709129511677,my
2021_Jeddah,565,9,556,0.01592920353982301,my
2021_LeCastellet,859,17,842,0.01979045401629802,my
2021_Lusail,909,27,882,0.0297029702970297,my
2021_MexicoCity,1020,19,1001,0.018627450980392157,my
2021_MonteCarlo,1155,16,1139,0.013852813852813853,my
2021_Monza,668,16,652,0.023952095808383235,my
2021_Portimão,1015,34,981,0.033497536945812804,my
2021_Sakhir,821,33,788,0.040194884287454324,my
2021_Silverstone,747,20,727,0.02677376171352075,my
2021_Sochi,829,30,799,0.03618817852834741,my
2021_Spielberg,2146,41,2105,0.019105312208760484,my
2021_SãoPaulo,1116,66,1050,0.05913978494623656,my
2021_YasIsland,786,27,759,0.03435114503816794,my
2021_Zandvoort,1115,28,1087,0.025112107623318385,my
2022_Austin,724,28,696,0.03867403314917127,my
2022_Baku,689,23,666,0.033381712626995644,my
2022_Barcelona,1030,45,985,0.043689320388349516,my
2022_Budapest,1161,32,1129,0.02756244616709733,my
2022_Imola,933,22,911,0.023579849946409433,my
2022_Jeddah,629,15,614,0.02384737678855326,my
2022_LeCastellet,755,22,733,0.02913907284768212,my
2022_MarinaBay,659,14,645,0.021244309559939303,my
2022_Melbourne,821,18,803,0.02192448233861145,my
2022_MexicoCity,1134,19,1115,0.01675485008818342,my
2022_Miami,822,23,799,0.027980535279805353,my
2022_Monaco,939,27,912,0.02875399361022364,my
2022_Montréal,1018,25,993,0.02455795677799607,my
2022_Monza,778,23,755,0.02956298200514139,my
2022_Sakhir,914,51,863,0.05579868708971553,my
2022_Silverstone,594,26,568,0.04377104377104377,my
2022_Spa-Francorchamps,596,32,564,0.053691275167785234,my
2022_Spielberg,1080,35,1045,0.032407407407407406,my
2022_Suzuka,330,16,314,0.048484848484848485,my
2022_SãoPaulo,1017,36,981,0.035398230088495575,my
2022_YasIsland,914,30,884,0.03282275711159737,my
2022_Zandvoort,1138,58,1080,0.050966608084358524,my
2023_Austin,814,31,783,0.038083538083538086,my
2023_Baku,743,15,728,0.020188425302826378,my
2023_Barcelona,1083,38,1045,0.03508771929824561,my
2023_Budapest,1013,32,981,0.0315893385982231,my
2023_Jeddah,743,19,724,0.02557200538358008,my
2023_LasVegas,684,24,660,0.03508771929824561,my
2023_Lusail,800,48,752,0.06,my
2023_MarinaBay,849,20,829,0.023557126030624265,my
2023_Melbourne,715,9,706,0.012587412587412588,my
2023_MexicoCity,1013,30,983,0.029615004935834157,my
2023_Miami,934,16,918,0.017130620985010708,my
2023_Monaco,1249,28,1221,0.02241793434747798,my
2023_Montréal,1072,28,1044,0.026119402985074626,my
2023_Monza,764,23,741,0.030104712041884817,my
2023_Sakhir,852,44,808,0.051643192488262914,my
2023_Silverstone,776,22,754,0.028350515463917526,my
2023_Spa-Francorchamps,653,29,624,0.0444104134762634,my
2023_Spielberg,1106,35,1071,0.03164556962025317,my
2023_Suzuka,636,33,603,0.05188679245283019,my
2023_SãoPaulo,852,30,822,0.035211267605633804,my
2023_YasIsland,950,33,917,0.034736842105263156,my
2023_Zandvoort,1064,64,1000,0.06015037593984962,my
2024_Austin,833,17,816,0.02040816326530612,my
2024_Baku,771,20,751,0.02594033722438392,my
2024_Barcelona,1090,36,1054,0.03302752293577982,my
2024_Budapest,1114,33,1081,0.0296229802513465,my
2024_Imola,1035,20,1015,0.01932367149758454,my
2024_Jeddah,694,16,678,0.023054755043227664,my
2024_LasVegas,756,37,719,0.04894179894179894,my
2024_Lusail,727,38,689,0.052269601100412656,my
2024_MarinaBay,960,19,941,0.019791666666666666,my
2024_Melbourne,791,32,759,0.040455120101137804,my
2024_MexicoCity,973,18,955,0.018499486125385406,my
2024_Miami,906,22,884,0.024282560706401765,my
2024_Monaco,969,6,963,0.006191950464396285,my
2024_Montréal,1027,35,992,0.034079844206426485,my
2024_Monza,816,25,791,0.030637254901960783,my
2024_Sakhir,924,38,886,0.04112554112554113,my
2024_Shanghai,805,34,771,0.0422360248447205,my
2024_Silverstone,774,38,736,0.04909560723514212,my
2024_Spa-Francorchamps,675,27,648,0.04,my
2024_Spielberg,1161,36,1125,0.031007751937984496,my
2024_Suzuka,692,28,664,0.04046242774566474,my
2024_SãoPaulo,868,13,855,0.014976958525345621,my
2024_YasIsland,832,26,806,0.03125,my
2024_Zandvoort,1182,21,1161,0.017766497461928935,my
2018_Austin,732,17,715,0.023224043715846996,my_w
2018_Baku,532,23,509,0.043233082706766915,my_w
2018_Barcelona,780,15,765,0.019230769230769232,my_w
2018_Budapest,991,17,974,0.017154389505549948,my_w
2018_Hockenheim,1019,36,983,0.03532875368007851,my_w
2018_LeCastellet,719,13,706,0.01808066759388039,my_w
2018_Melbourne,730,16,714,0.021917808219178082,my_w
2018_MexicoCity,1000,21,979,0.021,my_w
2018_MonteCarlo,1248,22,1226,0.017628205128205128,my_w
2018_Montréal,979,16,963,0.01634320735444331,my_w
2018_Monza,743,14,729,0.018842530282637954,my_w
2018_Sakhir,789,29,760,0.036755386565272496,my_w
2018_Shanghai,893,27,866,0.030235162374020158,my_w
2018_Silverstone,705,24,681,0.03404255319148936,my_w
2018_Singapore,885,18,867,0.020338983050847456,my_w
2018_Sochi,762,16,746,0.02099737532808399,my_w
2018_Spa-Francorchamps,489,14,475,0.028629856850715747,my_w
2018_Spielberg,996,19,977,0.019076305220883535,my_w
2018_Suzuka,784,20,764,0.025510204081632654,my_w
2018_SãoPaulo,1121,21,1100,0.01873327386262266,my_w
2018_YasMarina,696,13,683,0.01867816091954023,my_w
2019_Austin,836,27,809,0.03229665071770335,my_w
2019_Baku,762,23,739,0.030183727034120734,my_w
2019_Barcelona,1043,31,1012,0.029721955896452542,my_w
2019_Budapest,1118,21,1097,0.018783542039355994,my_w
2019_Hockenheim,826,64,762,0.0774818401937046,my_w
2019_LeCastellet,846,20,826,0.02364066193853428,my_w
2019_Melbourne,834,15,819,0.017985611510791366,my_w
2019_MexicoCity,1125,26,1099,0.02311111111111111,my_w
2019_MonteCarlo,1224,21,1203,0.01715686274509804,my_w
2019_Montréal,1077,16,1061,0.014856081708449397,my_w
2019_Monza,799,26,773,0.03254067584480601,my_w
2019_Sakhir,879,36,843,0.040955631399317405,my_w
2019_Shanghai,847,34,813,0.04014167650531287,my_w
2019_Silverstone,725,23,702,0.031724137931034485,my_w
2019_Singapore,830,22,808,0.02650602409638554,my_w
2019_Sochi,663,17,646,0.02564102564102564,my_w
2019_Spa-Francorchamps,577,18,559,0.03119584055459272,my_w
2019_Spielberg,1158,19,1139,0.016407599309153715,my_w
2019_Suzuka,813,24,789,0.02952029520295203,my_w
2019_SãoPaulo,1133,38,1095,0.03353927625772286,my_w
2019_YasIsland,877,25,852,0.028506271379703536,my_w
2020_Barcelona,1046,31,1015,0.029636711281070746,my_w
2020_Budapest,1084,35,1049,0.03228782287822878,my_w
2020_Imola,911,25,886,0.027442371020856202,my_w
2020_Istanbul,871,32,839,0.03673938002296211,my_w
2020_Monza,705,17,688,0.024113475177304965,my_w
2020_Mugello,531,31,500,0.0583804143126177,my_w
2020_Nürburgring,800,28,772,0.035,my_w
2020_Portimão,1060,20,1040,0.018867924528301886,my_w
2020_Sakhir,2026,60,1966,0.029615004935834157,my_w
2020_Silverstone,1476,53,1423,0.03590785907859079,my_w
2020_Sochi,699,17,682,0.024320457796852647,my_w
2020_Spa-Francorchamps,547,8,539,0.014625228519195612,my_w
2020_Spielberg,1805,51,1754,0.028254847645429362,my_w
2020_YasIsland,823,19,804,0.023086269744835967,my_w
2021_Austin,846,34,812,0.04018912529550828,my_w
2021_Baku,658,25,633,0.037993920972644375,my_w
2021_Barcelona,1017,33,984,0.032448377581120944,my_w
2021_Budapest,723,14,709,0.019363762102351315,my_w
2021_Imola,875,34,841,0.038857142857142854,my_w
2021_Istanbul,942,17,925,0.018046709129511677,my_w
2021_Jeddah,565,9,556,0.01592920353982301,my_w
2021_LeCastellet,859,17,842,0.01979045401629802,my_w
2021_Lusail,909,27,882,0.0297029702970297,my_w
2021_MexicoCity,1020,19,1001,0.018627450980392157,my_w
2021_MonteCarlo,1155,16,1139,0.013852813852813853,my_w
2021_Monza,668,16,652,0.023952095808383235,my_w
2021_Portimão,1015,34,981,0.033497536945812804,my_w
2021_Sakhir,821,33,788,0.040194884287454324,my_w
2021_Silverstone,747,20,727,0.02677376171352075,my_w
2021_Sochi,829,30,799,0.03618817852834741,my_w
2021_Spielberg,2146,41,2105,0.019105312208760484,my_w
2021_SãoPaulo,1116,66,1050,0.05913978494623656,my_w
2021_YasIsland,786,27,759,0.03435114503816794,my_w
2021_Zandvoort,1115,28,1087,0.025112107623318385,my_w
2022_Austin,724,28,696,0.03867403314917127,my_w
2022_Baku,689,23,666,0.033381712626995644,my_w
2022_Barcelona,1030,45,985,0.043689320388349516,my_w
2022_Budapest,1161,32,1129,0.02756244616709733,my_w
2022_Imola,933,22,911,0.023579849946409433,my_w
2022_Jeddah,629,15,614,0.02384737678855326,my_w
2022_LeCastellet,755,22,733,0.02913907284768212,my_w
2022_MarinaBay,659,14,645,0.021244309559939303,my_w
2022_Melbourne,821,18,803,0.02192448233861145,my_w
2022_MexicoCity,1134,19,1115,0.01675485008818342,my_w
2022_Miami,822,23,799,0.027980535279805353,my_w
2022_Monaco,939,27,912,0.02875399361022364,my_w
2022_Montréal,1018,25,993,0.02455795677799607,my_w
2022_Monza,778,23,755,0.02956298200514139,my_w
2022_Sakhir,914,51,863,0.05579868708971553,my_w
2022_Silverstone,594,26,568,0.04377104377104377,my_w
2022_Spa-Francorchamps,596,32,564,0.053691275167785234,my_w
2022_Spielberg,1080,35,1045,0.032407407407407406,my_w
2022_Suzuka,330,16,314,0.048484848484848485,my_w
2022_SãoPaulo,1017,36,981,0.035398230088495575,my_w
2022_YasIsland,914,30,884,0.03282275711159737,my_w
2022_Zandvoort,1138,58,1080,0.050966608084358524,my_w
2023_Austin,814,31,783,0.038083538083538086,my_w
2023_Baku,743,15,728,0.020188425302826378,my_w
2023_Barcelona,1083,38,1045,0.03508771929824561,my_w
2023_Budapest,1013,32,981,0.0315893385982231,my_w
2023_Jeddah,743,19,724,0.02557200538358008,my_w
2023_LasVegas,684,24,660,0.03508771929824561,my_w
2023_Lusail,800,48,752,0.06,my_w
2023_MarinaBay,849,20,829,0.023557126030624265,my_w
2023_Melbourne,715,9,706,0.012587412587412588,my_w
2023_MexicoCity,1013,30,983,0.029615004935834157,my_w
2023_Miami,934,16,918,0.017130620985010708,my_w
2023_Monaco,1249,28,1221,0.02241793434747798,my_w
2023_Montréal,1072,28,1044,0.026119402985074626,my_w
2023_Monza,764,23,741,0.030104712041884817,my_w
2023_Sakhir,852,44,808,0.051643192488262914,my_w
2023_Silverstone,776,22,754,0.028350515463917526,my_w
2023_Spa-Francorchamps,653,29,624,0.0444104134762634,my_w
2023_Spielberg,1106,35,1071,0.03164556962025317,my_w
2023_Suzuka,636,33,603,0.05188679245283019,my_w
2023_SãoPaulo,852,30,822,0.035211267605633804,my_w
2023_YasIsland,950,33,917,0.034736842105263156,my_w
2023_Zandvoort,1064,64,1000,0.06015037593984962,my_w
2024_Austin,833,17,816,0.02040816326530612,my_w
2024_Baku,771,20,751,0.02594033722438392,my_w
2024_Barcelona,1090,36,1054,0.03302752293577982,my_w
2024_Budapest,1114,33,1081,0.0296229802513465,my_w
2024_Imola,1035,20,1015,0.01932367149758454,my_w
2024_Jeddah,694,16,678,0.023054755043227664,my_w
2024_LasVegas,756,37,719,0.04894179894179894,my_w
2024_Lusail,727,38,689,0.052269601100412656,my_w
2024_MarinaBay,960,19,941,0.019791666666666666,my_w
2024_Melbourne,791,32,759,0.040455120101137804,my_w
2024_MexicoCity,973,18,955,0.018499486125385406,my_w
2024_Miami,906,22,884,0.024282560706401765,my_w
2024_Monaco,969,6,963,0.006191950464396285,my_w
2024_Montréal,1027,35,992,0.034079844206426485,my_w
2024_Monza,816,25,791,0.030637254901960783,my_w
2024_Sakhir,924,38,886,0.04112554112554113,my_w
2024_Shanghai,805,34,771,0.0422360248447205,my_w
2024_Silverstone,774,38,736,0.04909560723514212,my_w
2024_Spa-Francorchamps,675,27,648,0.04,my_w
2024_Spielberg,1161,36,1125,0.031007751937984496,my_w
2024_Suzuka,692,28,664,0.04046242774566474,my_w
2024_SãoPaulo,868,13,855,0.014976958525345621,my_w
2024_YasIsland,832,26,806,0.03125,my_w
2024_Zandvoort,1182,21,1161,0.017766497461928935,my_w
